DATE,SOLD TO,MONTH,PO,PRETTURE ORDER,STYLE CODE,COL,SIZE,BARCODE,PRICE,DOD,SALE MEDIUM,SALE POINTER,COLLECTION,SILHOUETTE,PRICE RANGE
15-May-23,PERNIA MUMBAI,May-22,471904,,VSS366,PEARL,XS,,8975,31-May-23,PERNIA,CORPORATE ONLINE,SS23,DRESS,8-10K
15-May-23,MONSOON,May-22,LIVLEEN,,VSS355,IVORY,S,,12525,05-Jun-23,MONSOON,CORPORATE OFFLINE,SS23,KURTA,12-14K
15-May-23,RAAYA,May-22,TWINKLE,,VSS41,PLUM,L,,14675,31-May-23,RAAYA,CORPORATE OFFLINE,FESTIVE 20,ANARKALI,14-16K
15-May-23,ANANTAM GURUGRAM,May-22,CH5249KAI,,OSV1133,BLUSH PINK,M,OS22491,12705,26-May-23,ANANTAM GURUGRAM,CORPORATE OFFLINE,SS20,KURTA,12-14K
15-May-23,ANANTAM GURUGRAM,May-22,CH5249KAI,,VSS228,TUSCANY,M,OS23193,12745,26-May-23,ANANTAM GURUGRAM,CORPORATE OFFLINE,SS22,KURTA,12-14K
16-May-23,AZA ONLINE KOLKATA,May-22,235112,,VSS332,RUE,S,,8455,05-Jun-23,AZA ONLINE,CORPORATE ONLINE,SS23,DRESS,8-10K
16-May-23,PERNIA MUMBAI,May-22,472411,,VSS3,CAMELLIA,S,,12995,01-Jun-23,PERNIA,CORPORATE ONLINE,FESTIVE 22,KURTA,12-14K
16-May-23,AZA ONLINE KOLKATA,May-22,234986,,VSS287,IRIS,XL,,8575,05-Jun-23,AZA ONLINE,CORPORATE ONLINE,PRE FESTIVE 22,DRESS,8-10K
16-May-23,AZA ONLINE KOLKATA,May-22,234961,,VSS324,ONYX,XL,,8295,05-Jun-23,AZA ONLINE,CORPORATE ONLINE,FESTIVE 22,DRESS,8-10K
16-May-23,MONSOON,May-22,KRINABEN,,VSS349,HIBISCUS,MTM,,9975,25-May-23,MONSOON,CORPORATE OFFLINE,SS23,JACKET DRESS,8-10K
17-May-23,AASHNI + CO,May-22,PO/RIC/2098,,VSS205,PORCELAIN,S,,8765,02-Jun-23,AASHNI + CO,CORPORATE ONLINE,SS22,DRESS,8-10K
17-May-23,PERNIA,May-22,235287,,VSS228,MUSTARD YELLOW,L,,12745,06-Jun-23,PERNIA,CORPORATE ONLINE,SS22,KURTA,12-14K
17-May-23,PERNIA,May-22,472978,,VSS346,BLUSH,M,,13985,03-Jun-23,PERNIA,CORPORATE ONLINE,SS23,KURTA,12-14K
18-May-23,PERNIA,May-22,473338,,OSV1133,BLUSH PINK,M,OS23313,12705,03-Jun-23,PERNIA,CORPORATE ONLINE,SS20,KURTA,12-14K
18-May-23,OGAAN ONLINE,May-22,109902,,VSS155,POPPY,XL,OS15967,12995,27-May-23,OGAAN ONLINE,CORPORATE ONLINE,FESTIVE 21,KURTA,12-14K
19-May-23,OGAAN ONLINE,May-22,105798,,VSS321,INDIGO,S,OS22196,13545,20-May-23,OGAAN ONLINE,CORPORATE ONLINE,FESTIVE 22,KURTA,12-14K
20-May-23,PERNIA,May-22,474194,,VSS191,PORCELAIN,M,,11595,05-Jun-23,PERNIA,CORPORATE ONLINE,SS22,KURTA,12-14K
20-May-23,PERNIA,May-22,474078,,VSS3,SAPPHIRE,XS,OS23396,12995,05-Jun-23,PERNIA,CORPORATE ONLINE,FESTIVE 20,KURTA,12-14K
22-May-23,AZA ONLINE KOLKATA,May-22,237042,,VSS362,RUE,M,,10475,11-Jun-23,AZA ONLINE,CORPORATE ONLINE,SS23,CO-ORD,10-12K
22-May-23,AZA ONLINE KOLKATA,May-22,236747,,VSS356,SKY,M,,9975,11-Jun-23,AZA ONLINE,CORPORATE ONLINE,SS23,CO-ORD,8-10K
22-May-23,PERNIA MUMBAI,May-22,474609,,VSS3,SAPPHIRE,S,OS22573,12995,06-Jun-23,PERNIA,CORPORATE ONLINE,FESTIVE 22,KURTA,12-14K
22-May-23,EVOLUZIONE CHENNAI,May-22,SINDHU CHARLES ORDER NO 14966,,VSS346,HIBISCUS,XL,,13985,05-Jun-23,EVO CHENNAI,CORPORATE OFFLINE,SS23,KURTA,12-14K
22-May-23,COLLAGE,May-22,Ms Shobhna Ramachandran,,VSS350,GREY,L,,13985,12-Jun-23,COLLAGE CHENNAI,CORPORATE OFFLINE,SS23,KURTA,12-14K
22-May-23,COLLAGE,May-22,Ms Shobhna Ramachandran,,VSS359,HIBISCUS,L,,12795,12-Jun-23,COLLAGE CHENNAI,CORPORATE OFFLINE,SS23,KURTA,12-14K
22-May-23,COLLAGE,May-22,Ms Shobhna Ramachandran,,VSS352,SAND,L,,"12,985",12-Jun-23,COLLAGE CHENNAI,CORPORATE OFFLINE,SS23,KURTA,12-14K
22-May-23,COLLAGE,May-22,Ms_Sneha,,VSS359,HIBISCUS,L,,12795,11-Jun-23,COLLAGE CHENNAI,CORPORATE OFFLINE,SS23,KURTA,12-14K
22-May-23,ANANTAM SOUTH EX,May-22,ADV-62,,OSV1133,BLUSH PINK,L,OS22489,12705,30-May-23,ANANTAM SOUTH EX,CORPORATE OFFLINE,SS20,KURTA,12-14K
24-May-23,OGAAN ONLINE,May-22,110436,,VSS202,LIME AND ASH,L,OS22478,13745,12-Jun-23,OGAAN ONLINE,CORPORATE ONLINE,SS22,KURTA,12-14K
24-May-23,OGAAN ONLINE,May-22,110435,,VSS359,HIBISCUS,M,,12795,13-Jun-23,OGAAN ONLINE,CORPORATE ONLINE,SS23,KURTA,12-14K
24-May-23,PERNIA MUMBAI,May-22,476188,,VSS197,PORCELAIN,MTM,,13985,09-Jun-23,PERNIA,CORPORATE ONLINE,SS22,KURTA,12-14K
24-May-23,AGASHE LLP,May-22,Aditi Chopra,,VSS328,PEARL,S,,12285,12-Jun-23,AGASHE,CORPORATE OFFLINE,SS23,KURTA,12-14K
24-May-23,DEVAL,May-22,MS. SASHI AGARWAL,,VSS332,RUE,M,,8455,14-Jun-23,DEVAL,CORPORATE OFFLINE,SS23,DRESS,8-10K
25-May-23,AZA ONLINE,May-22,237860,,VSS202,LIME AND ASH,XS,OS22461,13745,12-Jun-23,OGAAN ONLINE,CORPORATE ONLINE,SS22,KURTA,12-14K
25-May-23,PERNIA,May-22,476689,,VSS28,SAPPHIRE,M,,8995,10-Jun-23,PERNIA,CORPORATE ONLINE,FESTIVE 20,CO-ORD,8-10K
25-May-23,MONSOON,May-22,Heena Mam,,VSS338,SAND,L,OS22384,9485,31-May-23,MONSOON,CORPORATE OFFLINE,SS23,CO-ORD,8-10K
26-May-23,OGAAN ONLINE,May-22,110582,,VSS350,SAND,S,,13985,14-Jun-23,OGAAN ONLINE,CORPORATE ONLINE,SS23,KURTA,12-14K
26-May-23,AZA ONLINE KOLKATA,May-22,238337,,VSS298,COBALT,M,OS22171,10845,01-Jun-23,AZA ONLINE,CORPORATE ONLINE,FESTIVE 22,CO-ORD,10-12K
27-May-23,AZA ONLINE KOLKATA,May-22,238449,,VSS205,PORCELAIN,M,,8765,12-Jun-23,AZA ONLINE,CORPORATE ONLINE,SS22,DRESS,8-10K
27-May-23,AZA ALTAMOUNT,May-22,Ms. Prerna / So No 8392,,VSS355,PEARL,XXL,,12525,12-Jun-23,AZA ALTAMOUNT,CORPORATE OFFLINE,SS23,KURTA,12-14K
30-May-23,PERNIA,May-22,478385,,VSS191,PORCELAIN,M,,11595,14-Jun-23,PERNIA,CORPORATE ONLINE,SS22,KURTA,10-12K
31-May-23,OGAAN ONLINE,May-22,111002,,VSS28,SAPPHIRE,M,,8995,20-Jun-23,OGAAN ONLINE,CORPORATE ONLINE,FESTIVE 20,CO-ORD,8K-10K
31-May-23,OGAAN ONLINE,May-22,111001,,VSS330,PEARL,M,,10395,20-Jun-23,OGAAN ONLINE,CORPORATE ONLINE,SS23,CO-ORD,10-12K
31-May-23,AZA ONLINE KOLKATA,May-22,239664,,VSS348,SAND,XL,OS22995,7095,06-Jun-23,AZA ONLINE,CORPORATE ONLINE,SS23,DRESS,6K-8K
31-May-23,AZA ONLINE KOLKATA,May-22,239663,,VSS349,HIBISCUS,XL,,9975,20-Jun-23,AZA ONLINE,CORPORATE ONLINE,SS23,JACKET DRESS,8K-10K
01-Jun-23,PERNIA,Jun-23,479508,,VSS28,SAPPHIRE,S,OS23681,8995,17-Jun-23,PERNIA,CORPORATE ONLINE,FESTIVE 20,CO-ORD,8K-10K
02-Jun-23,AZA ONLINE KOLKATA,Jun-23,235287,,VSS228,TUSCANY,L,OS23726,12745,06-Jun-23,AZA ONLINE,CORPORATE ONLINE,SS22,KURTA,12K-14K
02-Jun-23,AZA ONLINE KOLKATA,Jun-23,240264,,VSS334,SKY,L,OS23455,10755,08-Jun-23,AZA ONLINE,CORPORATE ONLINE,SS23,DRESS,10K-12K
03-Jun-23,AZA ONLINE KOLKATA,Jun-23,240514,,VSS332,RUE,S,,8455,24-Jun-23,AZA ONLINE,CORPORATE ONLINE,,DRESS,8K-10K
05-Jun-23,AZA ONLINE KOLKATA,Jun-23,240898,,VSS328,PEARL,XS,,12285,25-Jun-23,AZA ONLINE,CORPORATE ONLINE,SS23,KURTA,12-14K
05-Jun-23,AZA ONLINE KOLKATA,Jun-23,241013,,VSS349,HIBISCUS,XXL,,9975,26-Jun-23,AZA ONLINE,CORPORATE ONLINE,SS23,JACKET DRESS,8-10K
05-Jun-23,PERNIA MUMBAI,Jun-23,480427,,VSS347,ASH,M,,12865,19-Jun-23,PERNIA,CORPORATE ONLINE,SS23,KURTA,12-14K
05-Jun-23,OGAAN ONLINE,Jun-23,111333,,VSS350,SAND,M,,13985,23-Jun-23,OGAAN ONLINE,CORPORATE ONLINE,SS23,KURTA,12-14K
06-Jun-23,PERNIA MUMBAI,Jun-23,481747,,VSS346,HIBISCUS,S,OS22784,13985,22-Jun-23,PERNIA,CORPORATE ONLINE,SS23,KURTA,12-14K
06-Jun-23,AZA ONLINE KOLKATA,Jun-23,241678,,VSS299,COBALT,M,OS21328,12985,13-Jun-23,AZA ONLINE,CORPORATE ONLINE,FESTIVE 22,KURTA,12-14K
06-Jun-23,PERNIA MUMBAI,Jun-23,481838,,VSS336,RUE,XL,OS23618,12745,21-Jun-23,PERNIA,CORPORATE ONLINE,SS23,KURTA,12-14K
06-Jun-23,PERNIA MUMBAI,Jun-23,481844,,VSS197,PORCELAIN,M,,13985,22-Jun-23,PERNIA,CORPORATE ONLINE,SS22,KURTA,12-14K
07-Jun-23,ONE ELAHE,Jun-23,6069,10414 A,VSS362,RUE,S,OS21552,10475,27-Jun-23,ELAHE ONLINE,CORPORATE ONLINE,SS23,CO-ORD,10-12K
07-Jun-23,ONE ELAHE,Jun-23,6069,10414 B,VSS335,SKY,M,OS21597,9885,27-Jun-23,ELAHE ONLINE,CORPORATE ONLINE,SS23,CO-ORD,8-10K
08-Jun-23,AZA ONLINE KOLKATA,Jun-23,242108,10422,VSS340,HIBISCUS,L,OS21722,9625,28-Jun-23,AZA ONLINE,CORPORATE ONLINE,SS23,CO-ORD,8-10K
08-Jun-23,AZA ONLINE KOLKATA,Jun-23,242107,10421,VSS340,HIBISCUS,S,OS21717,9625,28-Jun-23,AZA ONLINE,CORPORATE ONLINE,SS23,CO-ORD,8-10K
08-Jun-23,AZA ONLINE KOLKATA,Jun-23,242106,10420,VSS190,PORCELAIN,M,OS22926,9895,28-Jun-23,AZA ONLINE,CORPORATE ONLINE,SS22,CO-ORD,8-10K
08-Jun-23,EVOLUZIONE CHENNAI,Jun-23,MS SINDHU CHARLES ORDER NO : 1,10427 A,VSS354,PEARL,XL,,11835,20-Jun-23,EVOLUZIONE CHENNAI,CORPORATE OFFLINE,SS23,KURTA,10-12K
08-Jun-23,EVOLUZIONE CHENNAI,Jun-23,MS SINDHU CHARLES ORDER NO : 1,10427 B,VSS336,RUE,XL,,12745,20-Jun-23,EVOLUZIONE CHENNAI,CORPORATE OFFLINE,SS23,KURTA,12-14K
08-Jun-23,ANONYM,Jun-23,shweta agarwal,10419 A,VSS336,RUE,L,OS23923,12745,22-Jun-23,ANONYM,CORPORATE OFFLINE,SS23,KURTA,12-14K
08-Jun-23,ANONYM,Jun-23,shweta agarwal,10419 B,VSS355,PEARL + HIBISCUS,L,OS23964,12525,22-Jun-23,ANONYM,CORPORATE OFFLINE,SS23,KURTA,12-14K
08-Jun-23,ANONYM,Jun-23,shweta agarwal,10419 C,VSS345,SKY,L,OS23851,11935,22-Jun-23,ANONYM,CORPORATE OFFLINE,SS23,KURTA,10-12K
09-Jun-23,MOGRA,Jun-23,,10432,VSS346,HIBISCUS,M,OS23946,13985,10-Jun-23,MOGRA,CORPORATE OFFLINE,SS23,KURTA,12-14K
10-Jun-23,PERNIA MUMBAI,Jun-23,483353,10441,VSS339,HIBISCUS,M,OS24037,12285,14-Jun-23,PERNIA,CORPORATE ONLINE,SS23,KURTA,12-14K
10-Jun-23,AZA ONLINE KOLKATA,Jun-23,242895,10440,VSS200,HIBISCUS,L,OS23702,12955,16-Jun-23,AZA ONLINE,CORPORATE ONLINE,SS22,KURTA,12-14K
12-Jun-23,PERNIA MUMBAI,Jun-23,483924,10457,VSS3,SAPPHIRE,M,OS23629,12995,27-Jun-23,PERNIA,CORPORATE ONLINE,FESTIVE 20,KURTA,12-14K
12-Jun-23,OGAAN ONLINE,Jun-23,112026,10456,VSR80,LIME,FS,OS19973,"14,995",01-Jul-23,OGAAN ONLINE,CORPORATE ONLINE,FESTIVE 22,SAREE,14-16K
12-Jun-23,PERNIA MUMBAI,Jun-23,484381,10454,VSS3,SAPPHIRE,M,OS24036,12995,22-Jun-23,PERNIA,CORPORATE ONLINE,FESTIVE 20,KURTA,12-14K
12-Jun-23,ARMADIO,Jun-23,RITIKA DINODIA,10453,OSV1133,BLUSH PINK,M,OS23886,12705,26-Jun-23,ARMADIO,CORPORATE OFFLINE,SS20,KURTA,12-14K
12-Jun-23,RAAYA,Jun-23,Chinu Agarwal,10461,VSS248,WILDFLOWER,L,,13865,26-Jun-23,RAAYA,CORPORATE OFFLINE,PRE FESTIVE 22,KURTA,12-14K
12-Jun-23,MONSOON,Jun-23,Divya Mam,10469,VSS115,PERIWINKLE,L,OS12461,14495,26-Jun-23,MONSOON,CORPORATE OFFLINE,PRE FESTIVE 21,ANARKALI,14-16K
13-Jun-23,PERNIA MUMBAI,Jun-23,484831,10483,VSS3,CAMELLIA,S,,12995,29-Jun-23,PERNIA,CORPORATE ONLINE,FESTIVE 22,KURTA,12-14K
13-Jun-23,AZA ONLINE KOLKATA,Jun-23,243769,10481,VSS320,INDIGO,M,OS22668,12965,16-Jun-23,AZA ONLINE,CORPORATE ONLINE,FESTIVE 22,CO-ORD,12-14K
13-Jun-23,PERNIA MUMBAI,Jun-23,484438,10480,VSS3,CAMELLIA,M,,12995,28-Jun-23,PERNIA,CORPORATE ONLINE,FESTIVE 22,KURTA,12-14K
13-Jun-23,ANONYM,Jun-23,sree nagi,10482,VSS334,SKY,L,,10755,04-Jul-23,ANONYM,CORPORATE OFFLINE,SS23,CAPE,10-12K
14-Jun-23,PERNIA MUMBAI,Jun-23,485136,10488,VSS191,PORCELAIN,L,OS23762,11595,30-Jun-23,PERNIA,CORPORATE ONLINE,SS22,KURTA,10-12K
14-Jun-23,ANONYM,Jun-23,vikranthi,10489,VSS336,RUE,S,,12745,03-Jul-23,ANONYM,CORPORATE OFFLINE,SS23,KURTA,12-14K
15-Jun-23,AZA ONLINE KOLKATA,Jun-23,244433,10495,VSS349,HIBISCUS,XXL,,9975,05-Jul-23,AZA ONLINE,CORPORATE ONLINE,SS23,JACKET DRESS,8-10K
16-Jun-23,AZA ONLINE KOLKATA,Jun-23,244884,10507,VSS358,RUE,L,OS22485,12535,07-Jul-23,AZA ONLINE,CORPORATE ONLINE,SS23,JACKET DRESS,12-14K
16-Jun-23,AZA ALTAMOUNT,Jun-23,Ms. Prerna / So No 8602,10509,VSS334,SKY,XL,,10755,05-Jul-23,AZA ALTAMOUNT,CORPORATE OFFLINE,SS23,CAPE,10-12K
16-Jun-23,ANANTAM SOUTH EX,Jun-23,JUNE SALE,N/A,VSS229,BUTTER,S,,9765,,ANANTAM SOUTH EX,CORPORATE OFFLINE,SS22,CO-ORD,8-10K
16-Jun-23,ANANTAM SOUTH EX,Jun-23,JUNE SALE,N/A,VSS367,GREY + YELLOW,XL,,12985,,ANANTAM SOUTH EX,CORPORATE OFFLINE,SS23,KURTA,12-14K
16-Jun-23,ANANTAM SOUTH EX,Jun-23,JUNE SALE,N/A,VSS359,HIBISCUS,L,,12795,,ANANTAM SOUTH EX,CORPORATE OFFLINE,SS23,KURTA,12-14K
16-Jun-23,ANANTAM SOUTH EX,Jun-23,JUNE SALE,N/A,VSS354,HIBISCUS,S,,11835,,ANANTAM SOUTH EX,CORPORATE OFFLINE,SS23,KURTA,10-12K
16-Jun-23,ANANTAM SOUTH EX,Jun-23,JUNE SALE,N/A,VSS253,ELECTRIC BLUE,M,,6493,,ANANTAM SOUTH EX,CORPORATE OFFLINE,PRE FESTIVE 22,KURTA,6-8K
16-Jun-23,ANANTAM SOUTH EX,Jun-23,JUNE SALE,N/A,VSS233,AQUA & LIME,M,,5773,,ANANTAM SOUTH EX,CORPORATE OFFLINE,SS22,KURTA,LESS THAN 6K
16-Jun-23,ANANTAM SOUTH EX,Jun-23,JUNE SALE,N/A,VSS245,PISTACHIO,L,,5493,,ANANTAM SOUTH EX,CORPORATE OFFLINE,SS22,KURTA,LESS THAN 6K
16-Jun-23,ANANTAM SOUTH EX,Jun-23,JUNE SALE,N/A,S494,PLUM,M,,6549,,ANANTAM SOUTH EX,CORPORATE OFFLINE,SALE,KURTA,6-8K
16-Jun-23,ANANTAM SOUTH EX,Jun-23,JUNE SALE,N/A,S497,ROSE,M,,6195,,ANANTAM SOUTH EX,CORPORATE OFFLINE,SALE,KURTA,6-8K
16-Jun-23,ANANTAM SOUTH EX,Jun-23,JUNE SALE,N/A,S507,METALLIC,L,,7083,,ANANTAM SOUTH EX,CORPORATE OFFLINE,SALE,KURTA,6-8K
16-Jun-23,ANANTAM SOUTH EX,Jun-23,JUNE SALE,N/A,S504,PLUM,M,,5903,,ANANTAM SOUTH EX,CORPORATE OFFLINE,SALE,KURTA,LESS THAN 6K
16-Jun-23,ANANTAM SOUTH EX,Jun-23,JUNE SALE,N/A,S499,AMBER,S,,5667,,ANANTAM SOUTH EX,CORPORATE OFFLINE,SALE,KURTA,LESS THAN 6K
16-Jun-23,ANANTAM SOUTH EX,Jun-23,JUNE SALE,N/A,VSS198,PRUSSIAN,M,,6433,,ANANTAM SOUTH EX,CORPORATE OFFLINE,SS22,KURTA,6-8K
16-Jun-23,ANANTAM SOUTH EX,Jun-23,JUNE SALE,N/A,S-528,SAPPHIRE,M,,6612,,ANANTAM SOUTH EX,CORPORATE OFFLINE,SALE,KURTA,6-8K
16-Jun-23,ANANTAM GURGAON,Jun-23,JUNE SALE,N/A,S496,AQUA,S,,5313,,ANANTAM GURGAON,CORPORATE OFFLINE,SALE,KURTA,LESS THAN 6K
16-Jun-23,ANANTAM GURGAON,Jun-23,JUNE SALE,N/A,S498,AQUA,L,,5841,,ANANTAM GURGAON,CORPORATE OFFLINE,SALE,KURTA,LESS THAN 6K
16-Jun-23,ANANTAM GURGAON,Jun-23,JUNE SALE,N/A,VSS253,ELECTRIC BLUE,M,,6493,,ANANTAM GURGAON,CORPORATE OFFLINE,SALE,KURTA,6-8K
16-Jun-23,ANANTAM GURGAON,Jun-23,JUNE SALE,N/A,S494,SAPPHIRE,M,,6549,,ANANTAM GURGAON,CORPORATE OFFLINE,SALE,KURTA,6-8K
16-Jun-23,ANANTAM GURGAON,Jun-23,JUNE SALE,N/A,VSS208,BUTTER,M,,7533,,ANANTAM GURGAON,CORPORATE OFFLINE,SALE,KURTA,6-8K
16-Jun-23,ANANTAM GURGAON,Jun-23,JUNE SALE,N/A,VSS336,RUE,L,,12745,,ANANTAM GURGAON,CORPORATE OFFLINE,SS23,KURTA,12-14K
16-Jun-23,ANANTAM GURGAON,Jun-23,JUNE SALE,N/A,VSS347,SAND,L,,12865,,ANANTAM GURGAON,CORPORATE OFFLINE,SS23,KURTA,12-14K
16-Jun-23,ANANTAM GURGAON,Jun-23,JUNE SALE,N/A,VSS362,RUE,S,,10475,,ANANTAM GURGAON,CORPORATE OFFLINE,SS23,CO-ORD,10-12K
16-Jun-23,ANANTAM GURGAON,Jun-23,JUNE SALE,N/A,VSS335,SKY,L,,9885,,ANANTAM GURGAON,CORPORATE OFFLINE,SS23,CO-ORD,8-10K
16-Jun-23,ANANTAM GURGAON,Jun-23,JUNE SALE,N/A,VSS332,RUE,S,,8455,,ANANTAM GURGAON,CORPORATE OFFLINE,SS23,DRESS,8-10K
19-Jun-23,PERNIA MUMBAI,Jun-23,483517,10532,VSS346,HIBISCUS,M,,13985,26-Jun-23,PERNIA,CORPORATE ONLINE,SS23,KURTA,12-14K
19-Jun-23,OGAAN ONLINE,Jun-23,112578,10531,VSS344,RUE,L,OS23989,12985,08-Jul-23,OGAAN ONLINE,CORPORATE ONLINE,SS23,KURTA,12-14K
19-Jun-23,OGAAN ONLINE,Jun-23,112577,10530,VSS346,HIBISCUS,L,,13985,08-Jul-23,OGAAN ONLINE,CORPORATE ONLINE,SS23,KURTA,12-14K
19-Jun-23,AZA ONLINE KOLKATA,Jun-23,245520,10529,VSS328,PEARL,MTM,,12285,09-Jul-23,AZA ONLINE,CORPORATE ONLINE,SS23,KURTA,12-14K
19-Jun-23,AZA ONLINE KOLKATA,Jun-23,245348,10528,VSS244,IRIS,M,OS23751,11445,25-Jun-23,AZA ONLINE,CORPORATE ONLINE,PRE FESTIVE 22,CO-ORD,12-14K
19-Jun-23,AZA ONLINE KOLKATA,Jun-23,245347,10527,VSS190,PORCELAIN,M,,9895,09-Jul-23,AZA ONLINE,CORPORATE ONLINE,SS22,CO-ORD,8-10K
19-Jun-23,PERNIA MUMBAI,Jun-23,486401,10526,VSS350,SAND,S,,13985,03-Jul-23,AZA ONLINE,CORPORATE ONLINE,SS23,KURTA,12-14K
19-Jun-23,AZA ONLINE KOLKATA,Jun-23,245112,10525,VSS333,PEARL + OMBRE,S,OS22096,14575,23-Jun-23,AZA ONLINE,CORPORATE ONLINE,SS23,A-LINE,14-16K
19-Jun-23,MOGRA,Jun-23,,10535,VSS281,DAHLIA,L,OS19811,10345,25-Jun-23,MOGRA,CORPORATE OFFLINE,PRE FESTIVE 22,CO-ORD,10-12K
20-Jun-23,OGAAN ONLINE,Jun-23,112616,10542,VSS349,HIBISCUS,S,,9975,10-Jul-23,OGAAN ONLINE,CORPORATE ONLINE,SS23,JACKET DRESS,8-10K
20-Jun-23,EVOLUZIONE CHENNAI,Jun-23,Swarnalatha Mallavarapu,10549,VSS244,IRIS,XL,,11445,10-Jul-23,EVO CHENNAI,CORPORATE OFFLINE,PRE FESTIVE 22,CO-ORD,10-12K
21-Jun-23,AZA ONLINE KOLKATA,Jun-23,246336,10555,VSS211,PORCELAIN,M,,12495,11-Jul-23,AZA ONLINE,CORPORATE ONLINE,SS22,KURTA,12-14K
21-Jun-23,AZA ONLINE KOLKATA,Jun-23,246265,10554,VSS41,PLUM,XS,OS23875,14675,27-Jun-23,AZA ONLINE,CORPORATE ONLINE,FESTIVE 20,ANARKALI,14-16K
21-Jun-23,PERNIA MUMBAI,Jun-23,488039,10553,VSS3,CAMELLIA,M,,12995,06-Jul-23,PERNIA,CORPORATE ONLINE,FESTIVE 22,KURTA,12-14K
22-Jun-23,PERNIA MUMBAI,Jun-23,488490,10571,VSS3,SAPPHIRE,L,,12995,05-Jul-23,PERNIA,CORPORATE ONLINE,FESTIVE 20,KURTA,12-14K
22-Jun-23,EVOLUZIONE CHENNAI,Jun-23,MS USHA BHANDHARI ORDER NO 150,10574 A,OSV1133,BLUSH PINK,XL,,12705,06-Jul-23,EVO CHENNAI,CORPORATE OFFLINE,SS20,KURTA,12-14K
22-Jun-23,EVOLUZIONE CHENNAI,Jun-23,MS USHA BHANDHARI ORDER NO 150,10574 B,VSS343,SEAFOAM,XL,OS24244,12785,06-Jul-23,EVO CHENNAI,CORPORATE OFFLINE,SS23,KURTA,12-14K
23-Jun-23,AZA ONLINE KOLKATA,Jun-23,246986,10578,VSS332,RUE,M,OS24121,8455,15-Jul-23,AZA ONLINE,CORPORATE ONLINE,SS23,DRESS,8-10K
23-Jun-23,PERNIA MUMBAI,Jun-23,489218,10582,VSS280,MARIGOLD,XS,OS23766,8695,27-Jun-23,PERNIA,CORPORATE ONLINE,PRE FESTIVE 22,DRESS,8-10K
24-Jun-23,AZA ONLINE KOLKATA,Jun-23,247196,10591,VSS244,IRIS,S,OS24369,11445,30-Jun-23,AZA ONLINE,CORPORATE ONLINE,PRE FESTIVE 22,CO-ORD,10-12K
24-Jun-23,AZA ONLINE KOLKATA,Jun-23,247158,10590,VSS3,CAMELLIA,M,,12995,15-Jul-23,AZA ONLINE,CORPORATE ONLINE,FESTIVE 22,KURTA,10-12K
26-Jun-23,PERNIA MUMBAI,Jun-23,490700,10603,VSS3,SAPPHIRE,L,OS24303,12995,29-Jun-23,PERNIA,CORPORATE ONLINE,FESTIVE 20,KURTA,12-14K
26-Jun-23,OGAAN ONLINE,Jun-23,112990,10601,VSS349,HIBISCUS,XL,OS24356,9975,15-Jul-23,OGAAN ONLINE,CORPORATE ONLINE,SS23,DRESS,8-10K
27-Jun-23,EVOLUZIONE CHENNAI,Jun-23,Prachi Agarwal,10613,VSS249,HONEYSUCKLE,M,OS20397,12985,15-Jul-23,EVOLUZIONE CHENNAI,CORPORATE OFFLINE,PRE FESTIVE 22,KURTA,12-14K
27-Jun-23,AZA ONLINE KOLKATA,Jun-23,248251,10612,VSS340,HIBISCUS,L,OS23652,9625,18-Jul-23,AZA ONLINE,CORPORATE ONLINE,SS23,CO-ORD,8-10K
27-Jun-23,OGAAN ONLINE,Jun-23,113139,10611,VSS350,SAND,M,,13985,17-Jul-23,OGAAN ONLINE,CORPORATE ONLINE,SS23,KURTA,12-14K
29-Jun-23,PERNIA MUMBAI,Jun-23,492684,10653,VSS3,CAMELLIA,M,OS24279,12995,05-Jul-23,PERNIA,CORPORATE ONLINE,FESTIVE 22,KURTA,12-14K
29-Jun-23,AZA ONLINE KOLKATA,Jun-23,248864,10655,VSS338,SAND,L,OS22098,9485,05-Jul-23,AZA ONLINE,CORPORATE ONLINE,SS23,CO-ORD,8-10K
30-Jun-23,PERNIA MUMBAI,Jun-23,493681,10670,VSS244,IRIS,M,OS24367,11445,16-Jul-23,PERNIA,CORPORATE ONLINE,PRE FESTIVE 22,CO-ORD,10-12K
30-Jun-23,G3 FASHION,Jun-23,2ND ORDER,10666 A,VSS343,SEAFOAM,M,OS24059,12785,30-Jun-23,G3 FASHION,CORPORATE OFFLINE,SS23,KURTA,12-14K
30-Jun-23,G3 FASHION,Jun-23,2ND ORDER,10666 B,VSS228,TUSCANY,L,OS24057,12745,30-Jun-23,G3 FASHION,CORPORATE OFFLINE,SS22,KURTA,12-14K
30-Jun-23,G3 FASHION,Jun-23,2ND ORDER,10666 C,VSS279,INDIGO,L,OS20427,13985,30-Jun-23,G3 FASHION,CORPORATE OFFLINE,PRE FESTIVE 22,KURTA,12-14K
30-Jun-23,G3 FASHION,Jun-23,2ND ORDER,10666 D,VSS300,PETUNIA,S,OS23015,13585,30-Jun-23,G3 FASHION,CORPORATE OFFLINE,FESTIVE 22,KURTA,12-14K
30-Jun-23,G3 FASHION,Jun-23,2ND ORDER,10666 E,VSS312,RUE,L,OS21367,12895,30-Jun-23,G3 FASHION,CORPORATE OFFLINE,FESTIVE 22,KURTA,12-14K
30-Jun-23,G3 FASHION,Jun-23,2ND ORDER,10666 F,VSS214,PORCELAIN + SKY,M,OS23642,12745,30-Jun-23,G3 FASHION,CORPORATE OFFLINE,SS22,KURTA,12-14K
30-Jun-23,G3 FASHION,Jun-23,2ND ORDER,10666 G,VSS239,BERRY,M,OS20891,13985,30-Jun-23,G3 FASHION,CORPORATE OFFLINE,PRE FESTIVE 22,KURTA,12-14K
30-Jun-23,G3 FASHION,Jun-23,2ND ORDER,10666 H,VSS202,LIME AND ASH,M,OS22627,13745,30-Jun-23,G3 FASHION,CORPORATE OFFLINE,SS22,KURTA,12-14K
30-Jun-23,G3 FASHION,Jun-23,2ND ORDER,10666 I,VSS135,BERRY + MINT,S,OS10433,12965,30-Jun-23,G3 FASHION,CORPORATE OFFLINE,PRE FESTIVE 21,KURTA,12-14K
30-Jun-23,G3 FASHION,Jun-23,2ND ORDER,10666 J,VSS315,CAMELLIA,M,OS19352,10995,30-Jun-23,G3 FASHION,CORPORATE OFFLINE,FESTIVE 22,KURTA,12-14K
30-Jun-23,G3 FASHION,Jun-23,2ND ORDER,10666 K,VSS198,PRUSSIAN,M,OS15934,12865,30-Jun-23,G3 FASHION,CORPORATE OFFLINE,SS22,KURTA,12-14K
30-Jun-23,G3 FASHION,Jun-23,2ND ORDER,10666 L,VSS319,ORCHID,L,OS20735,12985,30-Jun-23,G3 FASHION,CORPORATE OFFLINE,FESTIVE 22,KURTA,12-14K
30-Jun-23,G3 FASHION,Jun-23,2ND ORDER,10666 M,VSS178,PLUM,L,OS22041,13565,30-Jun-23,G3 FASHION,CORPORATE OFFLINE,FESTIVE 21,KURTA,12-14K
30-Jun-23,G3 FASHION,Jun-23,2ND ORDER,10666 N,VSS295,CAMELLIA,L,OS22289,12995,30-Jun-23,G3 FASHION,CORPORATE OFFLINE,FESTIVE 22,KURTA,12-14K
30-Jun-23,G3 FASHION,Jun-23,2ND ORDER,10666 O,VSS255,ELECTRIC BLUE,L,OS17515,13585,30-Jun-23,G3 FASHION,CORPORATE OFFLINE,PRE FESTIVE 22,KURTA,12-14K
30-Jun-23,G3 FASHION,Jun-23,2ND ORDER,10666 P,VSS351,HIBISCUS,M,OS22424,13855,30-Jun-23,G3 FASHION,CORPORATE OFFLINE,SS23,KURTA,12-14K
30-Jun-23,G3 FASHION,Jun-23,2ND ORDER,10666 Q,VSS278,ROSETTE,M,OS20430,13825,30-Jun-23,G3 FASHION,CORPORATE OFFLINE,PRE FESTIVE 22,CO-ORD,12-14K
30-Jun-23,G3 FASHION,Jun-23,2ND ORDER,10666 R,VSS195,TUSCANY,M,OS20683,12985,30-Jun-23,G3 FASHION,CORPORATE OFFLINE,SS22,KURTA,12-14K
30-Jun-23,G3 FASHION,Jun-23,2ND ORDER,10666 S,VSS295,COBALT,M,OS22286,12995,30-Jun-23,G3 FASHION,CORPORATE OFFLINE,FESTIVE 22,KURTA,12-14K
30-Jun-23,G3 FASHION,Jun-23,2ND ORDER,10666 T,VSS251,IRIS,L,OS17159,13365,30-Jun-23,G3 FASHION,CORPORATE OFFLINE,FESTIVE 22,KURTA,12-14K
01-Jul-23,PERNIA,Jul-23,493997,10672,VSS3,CAMELLIA,L,OS24313,12995,05-Jul-23,PERNIA,CORPORATE ONLINE,FESTIVE 22,KURTA,12-14K
03-Jul-23,EVOLUZIONE CHENNAI,Jul-23,SONIA PRAKSHAM,10712,VSS328,PEARL,M,OS24497,12285,25-Jul-23,EVOLUZIONE CHENNAI,CORPORATE OFFLINE,SS23,KURTA,12-14K
04-Jul-23,ARLA INDIA,Jul-23,25YT,10735 A,VSS356,SKY,M,,9975,21-Jul-23,INDIA POP UP,CORPORATE ONLINE,SS23,CO-ORD,8-10K
04-Jul-23,ARLA INDIA,Jul-23,25YT,10735 B,VSS3,CAMELLIA,M,,12995,21-Jul-23,INDIA POP UP,CORPORATE ONLINE,FESTIVE 22,KURTA,12-14K
04-Jul-23,PERNIA MUMBAI,Jul-23,496245,10734,VSS3,SAPPHIRE,XL,OS24305,12995,19-Jul-23,PERNIA,CORPORATE ONLINE,FESTIVE 20,KURTA,12-14K
04-Jul-23,AZA ONLINE KOLKATA,Jul-23,250453,10733,VSS324,ONYX,S,OS23003,8295,24-Jul-23,AZA ONLINE,CORPORATE ONLINE,FESTIVE 22,DRESS,8-10K
04-Jul-23,AZA ONLINE KOLKATA,Jul-23,250372,10732,VSS358,RUE,XL,OS22482,"12,535",24-Jul-23,AZA ONLINE,CORPORATE ONLINE,SS23,KURTA,12-14K
05-Jul-23,AZA ONLINE KOLKATA,Jul-23,250850,10754,VSS6,DAFFODIL,XL,OS19189,12785,11-Jul-23,AZA ONLINE,CORPORATE ONLINE,FESTIVE 20,KURTA,12-14K
05-Jul-23,AZA ONLINE KOLKATA,Jul-23,250849,10753,VSS359,HIBISCUS,XL,OS24319,12795,25-Jul-23,AZA ONLINE,CORPORATE ONLINE,SS23,KURTA,12-14K
07-Jul-23,AZA ONLINE KOLKATA,Jul-23,250910,10766,VSS115,PERIWINKLE,L,OS20797,14495,15-Jul-23,AZA ONLINE,CORPORATE ONLINE,PRE FESTIVE 21,ANARKALI,14-16K
07-Jul-23,OGAAN ONLINE,Jul-23,113730,10765,VSS332,RUE,M,OS24124,8455,26-Jul-23,OGAAN ONLINE,CORPORATE ONLINE,SS23,DRESS,8-10K